"Provincia";"Regione";"Popolazione Residente";"Maschi";"Femmine";"Numero Famiglie";"Residenti In Famiglia";"Componenti Medi per Famiglia";"Residenti in Convivenza";"Area";"Perimetro";"Ettari";
"Torino";"Piemonte";2,245,250;1,079,570;1,165,680;1,006,910;2,230,220;2.20;15,033;6,828,180,000.00;6,828,180,000.00;682,818.0000;
"Novara-Verbania-Cusio-Ossola";"Piemonte";524,602;252,877;271,725;231,002;521,674;2.20;2,928;3,600,760,000.00;3,600,760,000.00;360,076.0000;
"Cuneo";"Piemonte";586,599;287,801;298,798;252,191;581,237;2.30;5,362;6,894,660,000.00;6,894,660,000.00;689,466.0000;
"Asti-Alessandria";"Piemonte";646,287;311,073;335,214;294,044;640,359;2.20;5,928;5,070,640,000.00;5,070,640,000.00;507,064.0000;
"Aosta";"Valle d'Aosta";126,982;61,960;59,464;126,166;33,864;2.10;816;3,260,390,000.00;3,260,390,000.00;326,039.0000;
"Imperia-Savona";"Liguria";495,109;235,056;260,053;239,443;491,815;2.10;3,294;2,698,340,000.00;2,698,340,000.00;269,834.0000;
"Genova";"Liguria";862,267;405,588;456,679;416,907;855,684;2.10;6,583;1,828,050,000.00;1,828,050,000.00;182,805.0000;
"La Spezia";"Liguria";220,063;104,783;115,280;101,934;219,441;2.20;622;880,138,000.00;880,138,000.00;88,013.8000;
"Varese-Como-Lecco";"Lombardia";1,797,490;874,921;922,572;752,979;1,786,990;2.40;10,506;3,290,430,000.00;3,290,430,000.00;329,043.0000;
"Sondrio";"Lombardia";181,091;88,484;92,607;76,611;179,714;2.30;1,377;3,196,680,000.00;3,196,680,000.00;319,668.0000;
"Milano-Monza e Brianza";"Lombardia";3,913,250;1,881,780;2,031,470;1,732,290;3,894,060;2.30;19,190;1,981,590,000.00;1,981,590,000.00;198,159.0000;
"Bergamo";"Lombardia";1,087,400;536,743;550,658;443,915;1,080,810;2.40;6,588;2,745,880,000.00;2,745,880,000.00;274,588.0000;
"Brescia";"Lombardia";1,240,550;609,192;631,361;514,149;1,233,620;2.40;6,928;4,786,060,000.00;4,786,060,000.00;478,606.0000;
"Pavia";"Lombardia";537,620;259,604;278,016;239,036;533,767;2.20;3,853;2,968,230,000.00;2,968,230,000.00;296,823.0000;
"Mantova-Cremona-Lodi";"Lombardia";990,759;483,609;507,150;409,558;983,293;2.40;7,466;4,893,390,000.00;4,893,390,000.00;489,339.0000;
"Bolzano";"Trentino-Alto Adige";505,067;248,521;256,546;204,700;499,761;2.40;5,306;7,398,370,000.00;7,398,370,000.00;739,837.0000;
"Trento";"Trentino-Alto Adige";526,510;256,563;269,947;223,096;520,356;2.30;6,154;6,202,040,000.00;6,202,040,000.00;620,204.0000;
"Verona-Rovigo";"Veneto";1,145,970;557,949;588,024;470,529;1,135,740;2.40;10,236;4,930,960,000.00;4,930,960,000.00;493,096.0000;
"Vicenza";"Veneto";859,987;422,185;437,802;343,864;851,770;2.50;8,217;2,722,050,000.00;2,722,050,000.00;272,205.0000;
"Belluno";"Veneto";210,277;101,270;109,007;93,816;208,324;2.20;1,953;3,677,190,000.00;3,677,190,000.00;367,719.0000;
"Venezia";"Veneto";850,523;410,335;440,188;360,834;845,235;2.30;5,288;2,470,360,000.00;2,470,360,000.00;247,036.0000;
"Padova-Treviso";"Veneto";1,799,560;876,984;922,580;718,970;1,786,140;2.50;13,419;4,623,040,000.00;4,623,040,000.00;462,304.0000;
"Udine";"Friuli-Venezia Giulia";536,035;259,005;277,030;238,482;532,599;2.20;3,436;4,906,050,000.00;4,906,050,000.00;490,605.0000;
"Gorizia";"Friuli-Venezia Giulia";139,983;67,701;72,282;64,520;138,902;2.20;1,081;466,165,000.00;466,165,000.00;46,616.5000;
"Trieste";"Friuli-Venezia Giulia";233,077;109,826;123,251;115,473;229,676;2.00;3,401;211,176,000.00;211,176,000.00;21,117.6000;
"Piacenza-Parma";"Emilia-Romagna";713,363;344,653;368,710;318,882;708,964;2.20;4,399;6,032,540,000.00;6,032,540,000.00;603,254.0000;
"Reggio Emilia-Modena";"Emilia-Romagna";1,205,250;586,813;618,435;505,186;1,200,140;2.40;5,111;4,979,580,000.00;4,979,580,000.00;497,958.0000;
"Bologna";"Emilia-Romagna";981,807;469,526;512,281;461,224;975,678;2.10;6,129;3,701,580,000.00;3,701,580,000.00;370,158.0000;
"Ferrara";"Emilia-Romagna";353,725;168,420;185,305;160,280;351,447;2.20;2,278;2,635,850,000.00;2,635,850,000.00;263,585.0000;
"Ravenna-Forli'-Cesena-Rimini";"Emilia-Romagna";1,097,250;530,394;566,856;471,442;1,090,330;2.33;6,918;4,773,220,000.00;4,773,220,000.00;477,322.0000;
"Pesaro e Urbino";"Marche";363,003;176,709;186,294;148,680;361,500;2.40;1,503;2,915,660,000.00;2,915,660,000.00;291,566.0000;
"Ancona";"Marche";475,038;228,706;246,332;197,809;472,608;2.40;2,430;1,963,330,000.00;1,963,330,000.00;196,333.0000;
"Macerata-Fermo-Ascoli Piceno";"Marche";704,115;341,018;363,097;278,089;700,947;2.50;3,168;4,867,670,000.00;4,867,670,000.00;486,767.0000;
"Firenze-Pistoia-Prato";"Toscana";1,506,070;720,119;785,952;635,580;1,500,040;2.43;6,030;4,844,640,000.00;4,844,640,000.00;484,464.0000;
"Livorno-Pisa-Massa Carrara-Lucca";"Toscana";1,338,450;642,731;695,719;574,940;1,332,860;2.32;5,589;6,584,150,000.00;6,584,150,000.00;658,415.0000;
"Arezzo";"Toscana";344,453;166,850;177,603;141,919;343,168;2.40;1,285;3,218,010,000.00;3,218,010,000.00;321,801.0000;
"Grosseto-Siena";"Toscana";488,636;233,937;254,699;216,237;485,910;2.25;2,726;8,323,300,000.00;8,323,300,000.00;832,330.0000;
"Perugia-Terni";"Umbria";886,479;425,211;461,268;368,334;881,575;2.35;4,904;8,461,130,000.00;8,461,130,000.00;846,113.0000;
"Viterbo-Rieti";"Lazio";470,140;228,722;241,418;202,576;467,986;2.30;2,154;6,365,680,000.00;6,365,680,000.00;636,568.0000;
"Roma";"Lazio";4,042,680;1,921,800;2,120,880;1,738,450;4,017,000;2.30;25,676;5,360,370,000.00;5,360,370,000.00;536,037.0000;
"Latina-Frosinone";"Lazio";1,038,320;507,193;531,126;410,281;1,036,240;2.50;2,079;5,502,120,000.00;5,502,120,000.00;550,212.0000;
"Caserta";"Campania";906,600;442,078;464,522;326,801;904,391;2.80;2,209;2,651,010,000.00;2,651,010,000.00;265,101.0000;
"Benevento-Avellino";"Campania";715,969;348,795;367,174;278,708;714,218;2.55;1,751;4,887,340,000.00;4,887,340,000.00;488,734.0000;
"Napoli";"Campania";3,058,590;1,477,430;1,581,160;1,052,980;3,051,250;2.90;7,344;1,175,860,000.00;1,175,860,000.00;117,586.0000;
"Salerno";"Campania";1,091,230;531,002;560,225;403,297;1,089,010;2.70;2,213;4,953,400,000.00;4,953,400,000.00;495,340.0000;
"L'Aquila-Teramo";"Abruzzo";603,290;293,970;309,320;243,589;601,665;2.45;1,625;7,001,040,000.00;7,001,040,000.00;700,104.0000;
"Pescara-Chieti";"Abruzzo";703,909;340,227;363,682;280,219;701,424;2.50;2,485;3,828,360,000.00;3,828,360,000.00;382,836.0000;
"Campobasso-Isernia";"Molise";314,560;153,263;161,297;128,597;313,476;2.40;1,084;4,460,870,000.00;4,460,870,000.00;446,087.0000;
"Foggia-Andria-Barletta-Trani";"Puglia";1,018,130;498,580;519,554;374,464;1,014,830;2.70;3,300;8,549,880,000.00;8,549,880,000.00;854,988.0000;
"Bari";"Puglia";1,248,090;607,490;640,596;465,356;1,244,700;2.70;3,389;3,862,480,000.00;3,862,480,000.00;386,248.0000;
"Taranto-Brindisi";"Puglia";981,043;473,346;507,697;377,485;979,314;2.60;1,729;4,326,260,000.00;4,326,260,000.00;432,626.0000;
"Lecce";"Puglia";803,554;383,054;420,500;315,548;802,247;2.50;1,307;2,797,010,000.00;2,797,010,000.00;279,701.0000;
"Potenza-Matera";"Basilicata";579,251;283,471;295,780;230,690;577,344;2.50;1,907;10,072,800,000.00;10,072,800,000.00;1,007,280.0000;
"Cosenza";"Calabria";715,485;348,935;366,550;290,270;713,457;2.50;2,028;6,709,410,000.00;6,709,410,000.00;670,941.0000;
"Reggio Calabria";"Calabria";547,897;265,759;282,138;211,656;546,257;2.60;1,640;3,209,820,000.00;3,209,820,000.00;320,982.0000;
"Trapani";"Sicilia";430,843;208,851;221,992;172,009;429,716;2.50;1,127;2,468,280,000.00;2,468,280,000.00;246,828.0000;
"Palermo";"Sicilia";1,239,840;597,137;642,700;470,900;1,235,430;2.60;4,411;5,002,900,000.00;5,002,900,000.00;500,290.0000;
"Messina";"Sicilia";653,470;314,315;339,155;277,732;651,312;2.30;2,158;3,252,010,000.00;3,252,010,000.00;325,201.0000;
"Agrigento";"Sicilia";447,310;216,409;230,901;172,940;446,003;2.60;1,307;3,058,230,000.00;3,058,230,000.00;305,823.0000;
"Caltanissetta";"Sicilia";273,155;131,742;141,413;105,435;272,468;2.60;687;2,140,710,000.00;2,140,710,000.00;214,071.0000;
"Enna";"Sicilia";173,668;83,505;90,163;70,414;173,236;2.50;432;2,572,140,000.00;2,572,140,000.00;257,214.0000;
"Catania";"Sicilia";1,080,030;521,430;558,604;417,753;1,076,810;2.60;3,224;3,572,980,000.00;3,572,980,000.00;357,298.0000;
"Ragusa";"Sicilia";308,329;151,005;157,324;120,192;307,347;2.60;982;1,623,420,000.00;1,623,420,000.00;162,342.0000;
"Siracusa";"Sicilia";397,952;194,977;202,975;156,841;396,801;2.50;1,151;2,122,970,000.00;2,122,970,000.00;212,297.0000;
"Sassari";"Sardegna";481,243;235,145;246,098;204,032;479,542;2.40;1,701;7,521,390,000.00;7,521,390,000.00;752,140.0000;
"Cagliari";"Sardegna";763,860;371,803;392,057;310,977;761,100;2.40;2,760;6,907,370,000.00;6,907,370,000.00;690,737.0000;
"Pordenone";"Friuli-Venezia Giulia";310,983;152,077;158,906;129,407;308,444;2.40;2,539;2,276,330,000.00;2,276,330,000.00;227,633.0000;
"Oristano";"Sardegna";149,771;73,653;76,118;59,645;148,993;2.40;778;2,624,350,000.00;2,624,350,000.00;262,435.0000;
"Biella-Vercelli";"Piemonte";359,270;172,065;187,205;161,989;355,852;2.20;3,418;2,994,280,000.00;2,994,280,000.00;299,428.0000;
"Crotone-Catanzaro-Vibo Valentia";"Calabria";693,448;338,242;355,206;269,687;691,401;2.50;2,047;5,299,380,000.00;5,299,380,000.00;529,938.0000;
"Nuoro";"Sardegna";258,217;127,067;131,150;108,424;257,490;2.30;727;7,040,690,000.00;7,040,690,000.00;704,069.0000;
